Actual PE,Predicted PE,Error,Error %
439.75,434.31436,5.435638427734375,1.236071874250286
443.66,441.7003,1.95971313476565,0.44171408682882873
471.87,471.0683,0.8017016601562545,0.1698984807619571
456.32,460.47192,-4.151923828125007,0.9098691114642997
453.02,453.0498,-0.02980468750001819,0.006579096222916419
440.92,443.47247,-2.552473144531234,0.5788957986875731
455.86,456.17865,-0.31864990234373636,0.06990067199074637
481.27,484.32358,-3.053577880859393,0.6344820030418191
439.28,440.92096,-1.6409594726562773,0.3735557587640434
464.37,460.01544,4.3545581054687545,0.9377325684568492
456.53,457.39517,-0.8651721191406523,0.18951004841744645
462.87,468.11957,-5.2495678710937455,1.1341319441256301
446.05,444.2178,1.8321960449218864,0.41075931786317854
436.87,437.3936,-0.5235852050781205,0.11984892681778385
434.7,434.01907,0.6809265136718636,0.1566424999417677
480.84,480.04837,0.79162963867185,0.164634388222271
450.32,449.508,0.8120043945312432,0.18031679502649073
460.33,460.92325,-0.5932482910156409,0.12887428633214817
444.38,447.44568,-3.0656787109375045,0.6898761897870307
438.95,440.6629,-1.7129028320312614,0.39022643348147323
481.54,485.02255,-3.4825524902343545,0.7232099634785729
455.25,459.85587,-4.605865478515625,1.0117200134685316
448.93,449.0896,-0.15959960937499318,0.03555103331580871
447.02,448.66043,-1.6404309082031432,0.3669695401789051
474.41,477.53766,-3.127658691406225,0.6592719585773148
454.2,452.80597,1.3940307617187386,0.30691935106235757
475.51,472.28217,3.227834472656241,0.6788138387242864
467.25,469.57178,-2.32177734375,0.49690152482284683
454.35,453.92203,0.42797241210939774,0.09419422695435858
469.38,470.82224,-1.4422351074218795,0.3072632056734038
444.36,442.63647,1.7235253906250136,0.3878660347386503
469.18,469.86624,-0.6862414550781182,0.1462636924935405
478.81,481.09467,-2.2846655273437477,0.47715393492291275
447.5,448.47366,-0.973663330078125,0.21757791157519762
434.91,433.19272,1.71728149414065,0.3948581420430042
455.88,452.7421,3.1379040527343705,0.688316480119674
457.74,455.6324,2.107614746093759,0.46043827100778806
433.31,442.22552,-8.915524902343748,2.057534865799333
434.11,443.5355,-9.425491943359361,2.1712170259125805
447.06,442.52737,4.532625732421877,1.0138718726128821
450.29,454.81802,-4.5280236816406045,1.0055772115455572
464.36,467.85538,-3.4953771972656114,0.7527284154495342
431.72,435.22763,-3.5076306152343477,0.8124762555526249
440.21,441.71756,-1.5075598144531455,0.34246300398062424
427.45,432.7844,-5.334393310546886,1.2479543410933385
438.68,434.53683,4.143165283203132,0.9444597060741476
472.02,473.05942,-1.0394177246093932,0.22020582232769162
441.32,436.89337,4.426628417968743,1.0030405120011836
432.99,434.09518,-1.105184326171866,0.2552441797108637
436.8,434.5214,2.2786071777343864,0.5216579581398363
472.45,476.53864,-4.088635253906261,0.8654093766139265
435.84,439.24094,-3.4009362792969,0.7803158214341699
437.47,438.98166,-1.5116589355468477,0.3455449471043447
489.36,487.9427,1.4173120117187636,0.28962504403063666
438.43,437.8775,0.5524975585937568,0.12601699209083228
440.63,442.22775,-1.5977526855468795,0.36260560095564764
480.62,475.8031,4.8168994140625045,1.0022240838545349
485.06,483.2182,1.8417993164062523,0.37970467970136795
457.4,455.6599,1.7400878906249773,0.38042940234607653
444.43,442.1901,2.239906005859382,0.5039940971397994
481.6,481.82657,-0.22656860351560226,0.04704487812849273
440.54,438.22034,2.3196630859375205,0.5265487402846774
432.45,433.5753,-1.1252868652343864,0.2602114147578307
431.82,438.78156,-6.961555175781257,1.6121390983257549
436.42,437.6251,-1.205091552734359,0.2761305145110705
457.49,465.06982,-7.579824218749991,1.6568247722359546
430.39,434.0381,-3.6480859375000136,0.8476213344377587
462.4,457.67917,4.720831298828102,1.0209388169204008
467.22,467.29282,-0.07281616210934772,0.015584950614237742
440.52,441.879,-1.3589978027343932,0.30849784748840425
439.65,440.31528,-0.6652770996093977,0.15131936458904854
464.46,466.81213,-2.3521337890625205,0.5064222376179099
477.71,471.3905,6.3194970703124795,1.3228703275228078
438.42,437.87018,0.5498217773437659,0.1254095441011644
441.99,438.2708,3.719187011718759,0.8414621591206064
448.6,440.06723,8.532769775390648,1.9020844303491626
451.93,452.3466,-0.4165881347656182,0.09217958820386701
440.6,435.5589,5.041101074218773,1.1441419956420373
475.73,467.65457,8.075428466796893,1.6974778744283836
446.34,451.49347,-5.153469238281275,1.1546035964164787
440.46,439.36017,1.0998315429687295,0.24970009670974946
441.3,447.6054,-6.305407714843739,1.4288224397505873
438.33,437.6976,0.6323986816406091,0.14427423149186555
491.1,487.82532,3.2746826171875227,0.6668043064843123
428.06,432.9582,-4.898190917968748,1.1442740445798023
461.46,461.1672,0.29279418945310454,0.06344938997078942
437.63,434.18796,3.4420422363281205,0.7865170054973528
463.29,464.08942,-0.7994165039062295,0.17255170161005276
441.29,436.79745,4.4925451660156455,1.0180459529008399
438.01,435.16547,2.844533691406241,0.6494206061962464
439.84,438.206,1.634006347656225,0.37149932535989716
471.32,471.8584,-0.5383984375000068,0.1142317947852964
489.09,484.76102,4.32898315429685,0.8851079153566208
468.96,472.89386,-3.9338598632812705,0.8388458450236311
463.11,475.29126,-12.181259765624986,2.6303110411164896
438.84,434.72662,4.113376464843725,0.9373272927651987
460.76,469.64355,-8.883554687500009,1.9280179284922139
452.46,448.80075,3.6592492675781045,0.8087435751541248
449.36,442.80743,6.552565917968764,1.458196398434391
465.03,462.79208,2.2379162597655977,0.4812402312460025
442.49,439.92365,2.566354980468759,0.5799790234081054
432.6,432.77448,-0.17447509765622726,0.04033164455380992
439.97,437.69257,2.2774340820312773,0.5176327717125168
446.87,448.22702,-1.3570202636718705,0.3036715883715593
462.94,465.00488,-2.0648828125000023,0.4460358474406031
461.06,470.05414,-8.994138183593748,1.9507479885728238
468.88,473.6646,-4.7846118164062545,1.0204320107673919
479.74,484.47293,-4.732930908203116,0.9865596036617916
449.34,450.77667,-1.436672363281275,0.31972875016552577
453.8,463.8756,-10.075610351562489,2.2202706365923586
466.45,463.80737,2.6426269531249886,0.5665390262053225
458.94,460.6762,-1.7362084960937523,0.3783075593799099
478.08,480.13593,-2.055925292968766,0.4300370215442082
441.68,441.45615,0.22385375976563182,0.05068222535396175
443.09,436.49084,6.599155273437475,1.489345365497714
476.64,474.63095,2.0090490722656114,0.42150152258526047
456.34,457.71478,-1.374782714843775,0.3012621515147171
429.41,432.79312,-3.3831213378906,0.7878515776006204
447.12,448.21536,-1.0953625488281205,0.24498123524238866
440.86,435.98132,4.878676757812514,1.1066247088793324
474.64,472.88846,1.7515417480468614,0.3690245360276212
464.23,469.09998,-4.869975585937482,1.049041444009013
465.58,467.4973,-1.917314453125016,0.4118111463150378
471.16,466.95557,4.204433593750025,0.8923560298390625
490.34,489.5552,0.78479370117185,0.1600505976803592
453.88,451.59003,2.2899731445312455,0.5045316161133084
470.87,472.2921,-1.4221142578124955,0.30201780483667406
468.75,473.33707,-4.587066650390625,0.9785721311294536
466.83,466.37537,0.4546337890624841,0.09738723200954609
444.48,446.2459,-1.7659106445312318,0.39729721732340234
448.71,448.31708,0.39292236328122954,0.08756691128170016
458.42,458.67584,-0.2558422851562341,0.055809460115534434
430.16,432.0273,-1.86731323242185,0.4340963575084329
444.61,446.56924,-1.9592443847656114,0.4406648474206917
464.03,465.0331,-1.0031115722656523,0.21617339623121135
441.77,443.4109,-1.6408886718750182,0.37143422086896116
472.62,474.59042,-1.9704235839843705,0.4169140990316491
442.13,438.12177,4.0082348632812455,0.9065717769804076
447.83,445.46356,2.366437988281234,0.5284221030436111
464.82,464.56723,0.2527697753906182,0.05438002486777021
425.21,432.7368,-7.5267858886718955,1.7701296270961704
486.6,485.70068,0.8993164062500227,0.18481597987879653
444.83,444.57913,0.2508679199218591,0.05639623136019277
453.44,451.04608,2.3939184570312477,0.5279448609700595
441.9,442.6765,-0.7765136718750227,0.17572118458094071
479.96,476.95807,3.0019311523437295,0.6254531414726884
438.22,438.274,-0.053986816406222715,0.012319541146184849
467.46,467.78784,-0.32784179687502046,0.07013243818736119
429.93,433.98715,-4.057152099609368,0.9436751710412528
453.54,450.9412,2.5988073730468955,0.5730038459691396
462.44,461.52487,0.9151281738281227,0.19789079554540426
463.93,461.9914,1.9386059570312568,0.4178651474101228
463.03,463.77377,-0.7437731933594023,0.16063140337459098
437.62,437.58917,0.030827636718754547,0.007044368693173899
474.93,474.5874,0.3425976562500068,0.07213630111532135
467.11,465.73615,1.3738549804687636,0.29411745398176525
431.26,432.1641,-0.9040930175781341,0.20963941037518674
449.99,453.39612,-3.406118164062491,0.756930286175166
434.3,434.40546,-0.10545654296873863,0.02428190194559502
433.24,431.59167,1.648325195312509,0.3804638054368144
466.86,471.7527,-4.892685546874986,1.0479962016263913
459.02,461.14365,-2.123646240234393,0.462646859345083
433.04,437.1379,-4.0979089355468545,0.9463096878925678
429.13,434.29935,-5.1693469238281295,1.20460813220861
444.39,443.79865,0.5913549804687364,0.13307087237786913
433.82,432.8523,0.9677050781249932,0.22306552198371987
425.36,434.11404,-8.754044189453111,2.0580269910624414
443.87,442.7624,1.1076098632812545,0.24953418071494973
473.2,476.99765,-3.7976501464843864,0.8025448269307095
448.01,440.93347,7.076528320312491,1.5795434309230112
463.99,462.90863,1.081369628906259,0.2330583198610014
450.98,450.09464,0.8853649902343932,0.19631979844702843
464.17,468.6993,-4.529310302734359,0.9757848514306925
454.26,449.12286,5.137136230468741,1.1308776739514819
436.74,442.3065,-5.566488037109366,1.274551287172344
441.94,440.00784,1.9321569824218727,0.4371979477853091
451.7,447.54285,4.157153320312489,0.9203329902551663
463.57,464.43723,-0.8672253417968818,0.18707497703628612
466.69,468.0833,-1.3933129882812523,0.2985515015891141
455.66,450.08307,5.576931152343775,1.2239211063364597
439.61,439.6561,-0.04609741210936136,0.010485955107893425
431.01,431.7616,-0.7515966796875091,0.17437992990608342
482.67,486.6258,-3.955793457031234,0.8195631096608733
464.59,467.33783,-2.747829589843775,0.5914513173616741
445.87,441.61658,4.2534228515625045,0.953958174351439
442.11,444.50473,-2.3947302246093614,0.5416581411929045
442.23,439.30655,2.923450927734393,0.6610687463643193
462.87,465.7937,-2.9237011718749955,0.6316449230725182
470.88,471.19788,-0.31787597656250455,0.06750664744648957
466.63,465.49396,1.1360424804687455,0.2434562814019526
471.69,469.83585,1.8541540527343727,0.39308658692541787
425.34,433.74664,-8.406643066406275,1.976447853935143
431.0,433.11493,-2.11492919921875,0.49070169192617885
453.58,450.13477,3.445234374999984,0.7595632037056191
440.76,441.5672,-0.8071997070312591,0.18313773383562956
433.03,433.52618,-0.4961840820312773,0.11458396328006017
430.98,433.36707,-2.387065429687482,0.5538679036169766
427.82,433.96387,-6.143867187500007,1.4360835927876394
438.08,443.62668,-5.546678466796891,1.2661307992807018
489.1,488.04718,1.0528198242187727,0.21525611769732073
432.68,440.2276,-7.547600097656243,1.744379831251255
442.58,442.55124,0.028760986328109084,0.006498468377112683
445.66,447.2166,-1.556613769531225,0.34928202591907864
474.93,470.6148,4.315192871093757,0.9085936422540868
485.43,487.1053,-1.6752856445312432,0.34511303244565
441.76,446.8133,-5.053293457031259,1.143897595539502
443.2,442.1258,1.0742065429687386,0.24237457563695447
477.81,478.11737,-0.3073706054687477,0.06432890943673288
431.11,435.55124,-4.441239013671861,1.0301845728065073
473.66,475.81326,-2.1532629394531,0.4546000070626672
444.01,441.60333,2.406667480468741,0.5420287966894382
450.0,450.54248,-0.54248046875,0.12055094738678358
438.59,440.23416,-1.64416137695315,0.37487348736138
461.16,459.40378,1.75622192382815,0.38082620252539784
466.54,467.50958,-0.9695825195312295,0.20782364669583797
441.35,444.15857,-2.8085693359374773,0.6363573065286987
475.7,480.57843,-4.878430175781261,1.0255244735203966
494.9,491.49637,3.4036315917968523,0.6877398897550929
448.04,453.8867,-5.8466882324218545,1.3049449118321435
471.61,473.3609,-1.7509008789062364,0.3712595505419162
430.33,434.03125,-3.701250000000016,0.8600937417941111
433.1,435.2759,-2.1759094238281023,0.5024023088905596
478.05,481.7544,-3.7043945312499886,0.7748952582987985
434.47,437.25925,-2.7892468261718477,0.6419868820178672
438.69,440.62296,-1.9329553222656273,0.44061886892268765
452.43,451.02264,1.4073559570312568,0.3110653242220928
456.3,451.64413,4.655865478515636,1.0203496110058135
453.84,450.64716,3.192844238281225,0.7035160415831151
459.6,466.92236,-7.322363281249977,1.5932000324738147
467.61,466.97305,0.6369470214843886,0.13621301070427955
434.79,433.41937,1.3706274414062705,0.3152382274256529
469.79,468.19418,1.5958166503906455,0.3396865096161156
441.92,447.28116,-5.361158447265609,1.2131486051275249
435.57,439.61945,-4.049445800781257,0.9296867332263299
479.52,480.8499,-1.3299145507812682,0.27734229591222664
475.85,476.5222,-0.6721862792968523,0.14125982277999885
458.91,462.61923,-3.70923217773435,0.8082683086119858
460.21,460.17783,0.032174072265604536,0.006991156722808568
442.13,444.51697,-2.3869677734375045,0.5398779487159925
442.43,435.87537,6.554633789062507,1.4815041868816847
485.29,481.8742,3.4157934570312705,0.7038649917330572
432.34,433.78607,-1.446071777343775,0.33447481903029674
482.16,480.18097,1.979030761718775,0.4104501943788019
458.29,456.39636,1.8936376953125205,0.41319547957793634
440.87,441.5894,-0.7193859863281205,0.16317380511036572
483.54,484.81592,-1.2759179687499795,0.2638696550550997
430.46,433.24915,-2.7891455078125205,0.6479438341249313
476.2,471.47128,4.728717041015614,0.993008633122487
486.86,489.18344,-2.3234411621093614,0.47722885219998346
435.42,433.85904,1.560960693359391,0.35849458187808836
478.07,472.9229,5.147087402343743,1.0766366088601365
438.55,433.63205,4.917950439453136,1.1214090127381162
463.49,467.94406,-4.454061279296866,0.9609811796338799
440.44,443.52664,-3.0866418457031273,0.7008071105331083
454.36,450.02124,4.338759765625014,0.9549146528036108
488.27,485.22177,3.048228759765607,0.6242903551031307
435.28,438.0502,-2.7702014160156523,0.6364168011044941
442.86,446.69287,-3.8328710937499864,0.8654794831222408
458.67,458.3453,0.3246936035156409,0.07079008777874357
438.8,442.5868,-3.7867919921874886,0.8629861810222603
477.89,476.14615,1.7438513183593614,0.3649056622450227
455.22,451.8914,3.3286120605469023,0.7312079320916439
449.28,453.12042,-3.8404223632812773,0.8547929610380314
430.44,435.5415,-5.101503906250002,1.185180757931982
480.01,474.943,5.067006835937491,1.0556022332691315
442.19,436.76602,5.423978271484373,1.2266143525047712
468.58,469.93372,-1.353715820312516,0.2888968652831668
435.76,436.2227,-0.4626867675781341,0.10617902189001176
478.48,478.8233,-0.3433032226562318,0.07174855901409498
475.96,474.6824,1.2775964355468545,0.268424605282125
471.55,470.1258,1.4242065429687614,0.302025982972947
489.26,487.0191,2.240895996093741,0.4580164771142071
456.07,461.1168,-5.046790771484382,1.1065800657100282
477.62,481.87317,-4.2531689453124955,0.8904903564358552
427.31,431.66525,-4.355252685546873,1.0192231619468894
461.55,457.1615,4.388500976562511,0.9508160477525802
474.1,480.58728,-6.487280273437477,1.36833296564181
464.62,467.42572,-2.8057202148437455,0.603872880227916
470.27,472.0835,-1.8134960937500182,0.38562788131737197
447.47,449.99182,-2.5218212890624727,0.5635720055740981
436.32,439.29053,-2.970527343750007,0.6808123706514257
473.97,479.7858,-5.815797119140598,1.227036489392937
435.89,432.98874,2.9012609863281114,0.6655932300341396
432.75,434.64862,-1.89862060546875,0.43873280604059844
441.99,440.36383,1.626169433593759,0.3679191281256313
448.83,444.55386,4.276136474609359,0.9527275243041055
433.35,434.11404,-0.7640441894531023,0.17631070182210315
447.73,449.6318,-1.9018054199218568,0.42476518711499917
462.48,463.78705,-1.3070483398437318,0.2826166566504855
487.84,483.4695,4.37048706054685,0.8958835072383934
436.62,440.65213,-4.0321301269531205,0.9234851569102541
456.24,455.89243,0.3475744628906341,0.0761822069675093
455.32,458.6574,-3.337409667968757,0.7329795173007081
432.44,431.7009,0.7391027832031227,0.1709141323794744
443.14,443.89465,-0.7546533203125136,0.17029643393694416
440.58,438.8734,1.706586914062484,0.38734918529452794
443.75,443.5719,0.1781005859375,0.0401352528642189
440.96,438.30954,2.6504602050781045,0.6010645397389123
429.99,434.2016,-4.211599121093741,0.9794621564390281
435.04,436.90762,-1.8676232910156045,0.4292982249984725
462.7,465.76035,-3.0603454589843864,0.6614088707360448
471.32,480.34702,-9.027015380859382,1.9152584715850518
434.43,436.3068,-1.8767932128906182,0.4320118069130928
443.75,442.0734,1.676605224609375,0.3778256780512889
435.96,440.75073,-4.7907324218750205,1.0988901350980984
453.05,453.70734,-0.6573364257812386,0.1450910440063566
469.44,471.7803,-2.3403039550781273,0.49852994414167645
462.21,464.57974,-2.3697424316406455,0.5126971083857038
453.64,450.29938,3.3406225585937364,0.7364022560998095
442.6,441.90945,0.6905456542968977,0.1560199037726751
440.08,443.78632,-3.706315917968766,0.842189487382724
471.85,480.6613,-8.811285400390602,1.8673872473282036
463.02,462.728,0.2920031738281068,0.0630647797460821
439.68,438.65997,1.0200268554687568,0.23199247988172264
441.7,435.17584,6.524157714843739,1.477052964526623
450.57,446.81592,3.754082031249993,0.8331832344402976
453.47,453.4796,-0.009614257812472715,0.0021201483253554727
448.06,452.45227,-4.392270507812498,0.9802840478891262
466.38,463.59717,2.7828320312499955,0.5966864068754936
458.5,453.5712,4.928802490234375,1.0749818408758924
446.26,444.49045,1.769552001953116,0.3965284893712684
472.9,475.10422,-2.2042175292968977,0.46610549127553086
479.13,481.0085,-1.8785144042968795,0.39206697214266656
462.88,461.28232,1.5976818847656205,0.3451603943055819
442.87,443.76633,-0.8963269042968705,0.20239006489403696
484.19,484.60272,-0.4127221679687523,0.08523953728358277
475.14,473.13284,2.0071569824218614,0.42243396853183823
469.34,472.95108,-3.61108032226565,0.7693937504427805
468.84,472.47888,-3.638881835937525,0.7761441162222428
467.9,466.41602,1.4839843749999773,0.3171577694854205
445.25,439.317,5.933013916015625,1.3325099586560447
469.96,472.10858,-2.1485815429687705,0.4571829455994797
471.32,475.88623,-4.566230468750007,0.9688154079173233
475.49,471.98825,3.501749267578134,0.7364491162983388
459.69,462.35355,-2.6635461425781273,0.579420989877576
438.48,441.26932,-2.789317626953107,0.6361319252038531
487.35,486.9863,0.36370239257814774,0.07462842849981793
457.0,460.6045,-3.6044921875,0.7887274179925208
439.02,437.78375,1.2362475585937318,0.2815918961948818
467.9,466.51135,1.3886474609374773,0.2967823238115493
451.05,451.66968,-0.6196777343749886,0.13738529221196466
433.03,431.29327,1.7367260742187227,0.40106275860590185
472.33,463.59656,8.733442382812484,1.8490089328908086
468.37,465.89688,2.4731188964843795,0.5280256242347156
453.45,452.94757,0.5024291992187386,0.11080121098392962
455.18,449.56497,5.615028076171882,1.2335813832677291
447.26,444.05746,3.202535400390616,0.7160327863128276
438.08,441.00372,-2.923723144531266,0.6673932776201813
477.91,480.75348,-2.843479003906225,0.5949808654553306
437.5,441.41794,-3.917938232421875,0.8955266919211329
434.94,436.4574,-1.5173974609375023,0.34887432110044864
436.0,435.3549,0.645111083984375,0.14796091843467676
454.35,454.33447,0.015527343750022737,0.003417477621931665
451.95,448.54462,3.4053833007812386,0.7534850682443979
482.0,480.10968,1.89031982421875,0.392181722489943
435.79,437.43054,-1.6405419921874795,0.37645155411366443
438.49,435.26797,3.222025146484384,0.7347984671257527
452.02,452.18384,-0.1638378906250182,0.036245636956030405
437.95,439.33945,-1.3894470214843864,0.3172608400219172
456.18,451.79187,4.388129882812507,0.9619273671662141
460.57,462.28442,-1.7144238281250068,0.37223877059671734
469.34,466.24402,3.095981445312475,0.6596443620549824
444.37,442.01425,2.3557482910156295,0.5301309696212466
437.19,439.2604,-2.0704064941406273,0.4735702459887389
474.71,482.37732,-7.6673193359375205,1.6151551861948683
457.94,456.45544,1.4845556640624977,0.32418055253023814
473.57,475.82306,-2.253059082031257,0.4757595127301412
471.94,468.73434,3.2056555175781227,0.6792492107229766
434.09,435.77283,-1.682827148437525,0.38766690588782654
467.02,469.04932,-2.029316406250018,0.4345235880720607
445.64,442.33148,3.3085180664062364,0.7424177906445405
442.77,441.95453,0.8154711914062318,0.18417448103110454
437.83,436.45477,1.375227050781234,0.31409997254219874
463.28,462.0545,1.2254956054687227,0.2645253324588582
474.57,467.94873,6.621269531249993,1.3952115766134032
438.43,435.94806,2.481940917968757,0.5660961286881532
480.98,478.54352,2.436481933593768,0.5065651103876803
460.03,459.57593,0.4540722656249727,0.09870471025321614
436.64,433.34183,3.2981726074218614,0.7553511024896566
462.19,460.9991,1.1908850097656227,0.25766079602710196
440.43,435.30826,5.121741943359382,1.1628931531521127
479.91,476.17358,3.736416015625025,0.7785643620640129
453.54,452.58438,0.9556188964843955,0.2107017659890496
468.37,475.90436,-7.5343579101562455,1.6086303187337059
441.22,434.64395,6.576048583984402,1.4904205792526652
465.7,467.46463,-1.7646301269531364,0.37891911912431725
467.96,471.57632,-3.6163244628906455,0.7727833009354723
483.01,485.42444,-2.414438476562509,0.49987235830291843
462.87,472.90546,-10.035456542968745,2.168089282536332
429.46,433.516,-4.0559912109375205,0.944437611549715
438.4,441.15326,-2.7532592773437727,0.6280230376627273
479.03,479.28986,-0.2598559570312773,0.05424616716481341
472.5,471.91156,0.58843994140625,0.12453729016578802
470.14,471.76672,-1.6267236328125136,0.34600760895401883
452.84,453.54596,-0.705959472656275,0.15589566153600823
444.71,444.60352,0.10648437499997954,0.023944623586999093
432.09,434.96445,-2.8744470214844,0.6652411231625746
480.53,481.862,-1.3319995117187773,0.27719325323835037
444.51,443.28357,1.226430664062491,0.2759055825530732
481.83,485.36276,-3.532762451171891,0.7331953425935424
436.44,441.92618,-5.486177978515627,1.257026259795855
448.03,452.2644,-4.234404296875027,0.9451141320299327
472.46,468.33514,4.1248559570312295,0.8730574496162075
435.23,436.13184,-0.9018359374999818,0.20720857142528493
447.81,446.76477,1.0452294921875023,0.23340862376929156
436.82,436.2708,0.5491870117187432,0.12572358282196672
440.59,434.80457,5.785434570312475,1.3131077507966518
482.3,479.65405,2.6459472656250114,0.5486091187090658
427.42,431.2602,-3.840192871093734,0.898456760686474
436.33,442.45483,-6.124833984375016,1.4037127741038378
437.93,436.2092,1.7208020019531318,0.39293907075615375
439.06,437.72263,1.3373742675781273,0.3045987385757622
442.91,441.53476,1.37524047851565,0.3105004117115289
454.66,451.6236,3.036403808593775,0.6678390731982236
435.36,436.3206,-0.9605871582031114,0.2206415269633962
448.17,445.14066,3.029344482421891,0.6759349628650428
435.94,438.49203,-2.5520349121093773,0.5854083263811793
474.04,477.59415,-3.5541467285156045,0.7497551326816888
463.82,462.98758,0.8324206542968682,0.1794702383671434
433.92,439.43167,-5.511671142578109,1.270201521147423
429.39,432.8565,-3.4665063476562636,0.8073076398099318
430.19,440.682,-10.492006835937502,2.4389182562948792
494.91,491.88782,3.022182617187525,0.6106517368148061
441.9,445.05295,-3.1529479980468977,0.7134964614352306
432.21,437.18646,-4.9764624023437705,1.1513965175212502
468.36,466.48886,1.8711389160156386,0.39950784032309233
450.69,455.88177,-5.191774902343752,1.1519588592502963
438.36,446.08087,-7.720871582031236,1.7613044002617106
455.61,454.301,1.3090051269531386,0.2873076214035962
472.51,474.5852,-2.075205078125009,0.4391866174808648
442.27,448.7699,-6.499897460937518,1.4696639528563977
467.19,474.31372,-7.123720703125002,1.524798359370151
442.85,441.806,1.0440002441406477,0.2357452606273098
456.86,458.76318,-1.9031835937499864,0.41657825766480094
437.96,438.64035,-0.6803503417968955,0.155344960349642
475.13,473.48288,1.6471203613281205,0.34666657434015474
467.98,472.4039,-4.423900146484357,0.9453161872991331
476.5,481.23407,-4.73406982421875,0.9935067973034161
444.08,445.2376,-1.157609863281266,0.26067538653562433
440.0,440.76956,-0.769561767578125,0.17490000422229154
473.55,474.90732,-1.3573181152343636,0.286625540909926
431.72,435.5773,-3.8573010253905977,0.8934707890954106
470.59,467.8734,2.716586914062475,0.5772713277692253
475.23,468.1522,7.077808837890643,1.4893407285910731
444.4,444.46213,-0.06212768554689774,0.01398009580241668
442.84,446.14328,-3.3032800292969,0.7459291324192883
443.3,442.0237,1.2762878417968864,0.28790547321050175
437.96,439.36026,-1.4002600097656455,0.3197225346014019
470.66,469.3783,1.281704101562525,0.2723200140998564
456.49,455.37836,1.111643066406259,0.2435191638841202
481.02,481.82367,-0.8036694335937682,0.1670757479598122
458.53,457.50455,1.0254528808593477,0.22363872472294083
464.99,461.69638,3.293619384765634,0.708318953434719
463.6,462.1276,1.4724060058593977,0.31760199090584307
444.14,442.49573,1.6442724609374864,0.3702140673654282
450.53,448.00394,2.5260632324218477,0.5606857757672276
434.94,436.73917,-1.7991662597656273,0.4136575443027048
454.26,456.37,-2.109995117187509,0.46448960337504414
474.02,473.7976,0.2223925781249818,0.04691618686197064
442.7,446.46375,-3.7637451171875114,0.8501776858844935
478.77,473.78226,4.987742919921857,1.0417805004734744
457.11,459.2865,-2.1764990234374864,0.4761423425464464
483.27,481.87885,1.3911547851562318,0.28786225226761625
446.43,445.58923,0.8407666015625068,0.18833069423102491
435.13,432.97134,2.1586560058593705,0.49609336173689544
439.13,440.2922,-1.1622058105468795,0.26466038848245277
454.64,466.24103,-11.601027832031264,2.551689757859776
430.64,430.2898,0.35020507812498636,0.08132181518364168
474.12,478.41034,-4.2903393554687455,0.9049038864485535
440.65,442.24692,-1.5969177246093977,0.3623996597328494
462.73,459.72522,3.004780273437518,0.6493578933413837
486.34,480.29355,6.0464514160156,1.2432534818194643
441.6,444.21222,-2.6122192382812273,0.5915338140722569
470.22,469.5489,0.6711108398437773,0.14272243048349123
455.37,465.39786,-10.02785766601562,2.2021291795076148
439.14,437.33716,1.8028417968749864,0.41053825465510774
436.67,437.23773,-0.5677319335937341,0.13001365641266172
477.2,484.1485,-6.948498535156261,1.45609471379068
430.86,435.65326,-4.793259277343736,1.1124839048657773
436.61,434.89514,1.7148583984375136,0.3927657338998591
446.33,447.2959,-0.9658984375000159,0.21640854825230962
466.71,468.30667,-1.5966711425781455,0.3421113156917548
446.5,442.01086,4.4891357421875,1.005403289620292
468.86,467.66153,1.1984704589843886,0.2556131687183171
455.58,456.20477,-0.6247729492187659,0.13713762189792067
433.59,437.37213,-3.782131347656275,0.8722808701417408
433.34,437.03824,-3.69823852539065,0.8534245606556153
463.18,466.24072,-3.060722656249993,0.6608048810832036
455.24,455.75284,-0.5128381347656159,0.11265200954343214
435.74,441.24548,-5.505483398437491,1.2634761012705922
474.08,473.0953,0.9846936035156091,0.2077057725400531
470.03,468.12897,1.9010327148437227,0.4044483693296235
461.61,471.21655,-9.606552734374986,2.0810926807149284
440.56,442.69458,-2.1345800781249977,0.4845140804848813
463.71,462.5477,1.1623010253906045,0.25065202796366803
468.43,469.1519,-0.7218859863281182,0.15410721884933282
442.85,445.20007,-2.3500732421874773,0.5306690607422084
461.39,466.86777,-5.477767333984389,1.18722890866627
469.28,465.3598,3.9201977539062227,0.8353625554638314
450.15,442.88846,7.261541748046852,1.613134647717511
462.83,462.49356,0.3364392089843591,0.07269158915119323
436.39,440.49243,-4.102431640625014,0.9400816333574739
430.12,435.4722,-5.3521984863281205,1.2443471688962224
464.85,463.68832,1.1616760253906477,0.2499028775652086
441.04,442.65033,-1.6103295898437295,0.3651201565939968
461.33,461.11273,0.21726806640623408,0.04709591733619334
466.27,464.8591,1.4108996582031068,0.30259219599827286
476.57,480.5894,-4.019385986328132,0.8433970985074905
474.3,483.0404,-8.740405273437489,1.8427971422024176
468.8,465.4256,3.3744018554687614,0.7197940822371884
430.53,434.00867,-3.4786669921875273,0.8079945444549935
487.17,484.7625,2.407487792968766,0.4941771560640445
432.38,435.04523,-2.6652270507812545,0.6164070694089829
483.53,477.57916,5.950837402343723,1.2307044227451236
429.33,435.93182,-6.601823730468766,1.5377002197532363
462.7,465.1537,-2.4536865234375114,0.5302963519502901
439.4,439.7792,-0.37920532226564774,0.08630051416943699
439.2,443.977,-4.776989746093761,1.0876545695692317
442.45,444.4832,-2.0331848144531364,0.45952767977767855
441.51,443.894,-2.384012451171884,0.5399667168364739
454.15,453.5255,0.6244873046874773,0.13750653520249373
439.87,445.54016,-5.6701611328124955,1.2890509110199344
450.68,452.99008,-2.310081787109368,0.5125758101871097
458.85,461.40414,-2.5541442871093523,0.5566391458467678
452.79,445.6773,7.1126928710937705,1.5708556201633361
475.57,480.97485,-5.404853515625007,1.1364977081497836
432.56,432.30698,0.2530236816406273,0.05849433528233643
457.58,456.19894,1.381055908203109,0.30181670746886546
475.09,471.00534,4.0846594238281,0.8597635871502723
471.04,474.0215,-2.9815148925781045,0.6329629252184215
441.15,443.44913,-2.2991271972656477,0.5211655866734175
484.54,483.81998,0.7200231933593955,0.14859902327344757
438.86,441.79343,-2.9334265136718614,0.6684181355080222
437.81,433.39734,4.412661132812502,1.007891791849109
465.14,463.88806,1.2519384765624864,0.26915246700731316
427.05,428.63242,-1.5824157714843636,0.370544916528556
474.7,471.39575,3.3042480468749886,0.6960693250856831
480.4,486.37347,-5.973474121093773,1.243434988914214
451.52,446.39343,5.126567382812482,1.1353995457160313
442.78,442.62073,0.15927246093747272,0.03597093392387495
449.66,449.07486,0.5851403808594,0.13012922643044425
469.9,467.81396,2.0860351562499773,0.4439307761102822
433.16,439.52457,-6.3645666503906,1.4693304915240755
455.42,456.30145,-0.8814526367187341,0.19354677028919046
475.24,472.84344,2.396555175781259,0.5042820749432938
434.5,438.8452,-4.34521484375,1.000047144598056
459.86,490.88187,-31.02186645507811,6.7459224537584435
467.42,467.4164,0.003587646484390916,0.0007675407147712482
470.87,471.72253,-0.8525341796874955,0.18105472192755456
463.65,461.04114,2.6088623046874773,0.5626780282340548
449.76,448.6507,1.109304199218741,0.24664303912939117
426.53,432.5321,-6.002104492187527,1.407190683018943
443.06,436.53635,6.523653564453127,1.4724052815420738
435.65,433.83344,1.8165649414062273,0.4169771081453336
469.64,468.8638,0.7761999511718614,0.1652751678775621
441.61,440.24524,1.3647607421875136,0.3090413830696051
451.26,453.3208,-2.060800781250009,0.45667602147094677
431.87,432.12347,-0.25347412109374545,0.0586920911785569
472.64,473.72968,-1.0896752929687636,0.23055031048274774
453.09,452.6699,0.4201086425781,0.09272058870692644
429.02,432.17145,-3.151447753906268,0.7345672482014327
443.77,445.24283,-1.4728283691406432,0.33188927828556697
438.35,440.77203,-2.4220336914062273,0.5525329453808083
437.72,434.4535,3.2665087890625273,0.7462536156735745
460.44,470.13513,-9.695131835937502,2.1056187081379596
468.29,469.83435,-1.5443505859374795,0.3297843832013597
477.27,485.09842,-7.828419189453143,1.6402461472524297
460.19,459.91907,0.2709326171874977,0.058873949553011194
448.75,444.92807,3.821929931640625,0.8516816523284907
461.14,462.40045,-1.2604516601562636,0.2733332451801648
448.0,449.1034,-1.1033935546875,0.24629265441092765
477.49,478.17624,-0.6862390136718659,0.14371768550022218
429.84,433.935,-4.094997558593775,0.9526772826681903
425.64,432.19733,-6.557326660156264,1.540576838264233
473.67,471.52188,2.148118896484391,0.4535044147698277
443.78,441.3241,2.4559033203124727,0.5534043414009326
452.41,451.75793,0.652065429687525,0.144131205847675
493.16,489.38834,3.7716638183594,0.7647936106787439
426.66,433.37173,-6.7117346191406,1.5730836938788875
485.7,489.67072,-3.9707153320312614,0.8175225770651618
444.87,449.096,-4.2260083007812455,0.9499401626047205
481.34,480.84167,0.498325195312475,0.10352851623121136
431.01,433.3417,-2.331705322265634,0.5409851076342911
440.35,440.28683,0.06316528320314774,0.014344303340550545
475.13,472.00772,3.1222790527343705,0.6571406733583729
440.13,440.57333,-0.44333374023437955,0.10072767885797172
474.6,470.50824,4.091760253906273,0.862147415177438
466.58,466.12793,0.4520703124999841,0.09688999605641553
436.02,437.23865,-1.2186474609375182,0.2794928365692291
448.98,447.91745,1.0625500488281432,0.2366581322657625
475.59,472.66162,2.928378906249975,0.6157347187499291
464.79,466.2352,-1.4451989746093545,0.3109352320955773
446.22,439.1741,7.045897216796902,1.5790151554491836
467.81,466.0137,1.7962976074218773,0.3839793436712427
465.9,473.0537,-7.153710937500023,1.535457304770761
440.7,447.419,-6.719006347656261,1.5246179036708023
454.16,455.48013,-1.3201330566406,0.2906751254820647
456.55,458.78305,-2.2330505371093636,0.4891130535491903
440.29,437.34143,2.9485693359375205,0.6696864882401686
464.63,457.4726,7.1574047851562455,1.5404492565404044
432.13,433.38333,-1.2533312988281295,0.29003503540086906
438.28,433.32925,4.950745849609348,1.129582585056014
468.4,462.9325,5.467504882812477,1.1672701131749244
449.86,445.53125,4.328750000000014,0.9622416702047996
439.04,440.23813,-1.1981286621093545,0.27289675955306103
440.5,445.12134,-4.621337890625,1.049109511811551
457.32,456.45435,0.8656542968749932,0.189288114229391
427.72,431.6387,-3.9187023925780977,0.9161819018888709
449.52,443.90753,5.612468261718732,1.248544175181745
463.75,463.59247,0.15753173828125,0.03396903473658278
440.49,434.5389,5.951090087890634,1.3510128669804002
478.88,474.7169,4.1631115722656205,0.8693415634083667
466.36,465.51642,0.8435815429687636,0.18088595379304093
468.8,468.82233,-0.02232666015623863,0.004762502673040082
472.13,473.42502,-1.2950183105468795,0.2742921584362983
429.05,437.16498,-8.114978027343739,1.8913784205942272
458.66,454.63034,4.02965942382815,0.8785703218342414
456.08,457.0494,-0.9694079589843909,0.2125517087939184
486.83,487.73102,-0.9010180664062659,0.1850782029916472
437.53,439.06012,-1.5301196289062773,0.34971684952752546
442.85,444.30615,-1.4561523437499773,0.32881315470665695
464.9,473.38065,-8.480645751953148,1.8241831598454616
441.45,434.4603,6.989703369140614,1.5833474993013075
429.47,436.02423,-6.554230957031223,1.526117236561077
491.35,490.16867,1.1813293457031477,0.24042473622789975
464.67,460.9474,3.722612304687516,0.8011286059787497
484.94,482.10077,2.8392309570312477,0.5854796680485354
466.64,467.6987,-1.0586999511718886,0.22687675347255998
476.8,478.56488,-1.7648803710937386,0.3701503082195169
444.08,443.71368,0.3663159179687341,0.08248853654372382
477.82,474.00836,3.811638183593743,0.7977125709405286
438.42,440.0088,-1.588789062499984,0.36238890529878454
475.61,475.04514,0.5648645019531386,0.11876607184298485
433.49,436.45825,-2.968251953124991,0.6847320828171729
434.03,435.9775,-1.9475085449219023,0.44870263758162493
427.96,435.15643,-7.1964331054687705,1.6815628306010995
452.82,452.1454,0.6746142578124932,0.1489803383262908
471.0,465.53455,5.4654541015625,1.1603911884608524
474.74,477.03708,-2.297078857421866,0.4838593796242301
442.86,443.76596,-0.9059606933593614,0.20456998772964008
465.5,469.25427,-3.7542724609375,0.8065014814012216
443.73,485.95438,-42.22437622070311,9.515759823114253
430.22,434.33246,-4.112458496093723,0.9558944114986768
479.56,476.83414,2.7258630371093773,0.5684079892045804
442.03,442.90137,-0.8713671875000273,0.19712807189994083
427.56,432.20053,-4.640531005859373,1.0853494602780358
472.84,468.40906,4.430942382812475,0.9370892927670137
445.36,448.97546,-3.6154638671874864,0.8118052247923564
467.47,468.4164,-0.9464123535155977,0.20245370376250027
453.72,459.83984,-6.119843749999973,1.3488121003876772
435.14,440.09747,-4.957473144531264,1.1392797149731384
448.58,449.8385,-1.258500976562516,0.28055155625461536
430.14,432.06158,-1.9215844726562636,0.44673362284838314
436.77,435.89255,0.8774523925781068,0.20089529583651547
434.67,435.52518,-0.8551770019531091,0.19674121391882807
449.5,476.36664,-26.86663818359375,5.976991860661879
447.59,450.26758,-2.677578125000025,0.5982198312745397
435.76,433.95764,1.802358398437491,0.4136116812742515
453.47,449.82635,3.6436450195312773,0.8035012204818561
436.43,436.78732,-0.3573229980468682,0.08187388110534499
440.9,440.49072,0.40927734374997726,0.0928274927364595
443.87,449.25623,-5.3862255859374955,1.213466431899695
473.41,471.7965,1.613491210937525,0.34082250115386525
470.69,470.01022,0.6797766113281227,0.14442099197310398
477.31,477.0019,0.3081079101562523,0.06455076672363559
442.7,442.39755,0.30244750976561363,0.0683186868260098
467.44,467.37854,0.061459960937497726,0.013148175050433687
449.73,444.41736,5.312641601562518,1.181293173377534
425.14,432.3379,-7.197890625000014,1.6930596261005206
439.72,440.74072,-1.0207226562499727,0.23212961315242456
458.31,454.00616,4.303835449218752,0.9390644015131107
451.67,445.4846,6.185411376953141,1.3694506348543831
439.75,438.8505,0.899505615234375,0.20454885042543963
468.92,464.81616,4.103837890625016,0.8751661560529419
430.45,432.8232,-2.3732116699218864,0.551331433757126
456.65,456.2458,0.40421142578122726,0.08851648759801847
439.54,446.68185,-7.1418542480468545,1.6248437001432983
466.37,465.44833,0.9216662597656295,0.1976251224380653
474.69,474.42188,0.2681249999999977,0.05648411282286745
477.05,479.06226,-2.0122558593749886,0.42181147495236115
437.31,436.9665,0.3435083007812523,0.07855011668612322
448.23,450.41727,-2.187266845703107,0.48797759318367245
440.17,446.82382,-6.653822021484359,1.511644797472882
464.81,468.98898,-4.178983154296873,0.8990714837421818
467.66,466.38602,1.2739831542969,0.27241594965090093
468.86,467.45197,1.4080346679687636,0.3003096158496364
437.52,435.0137,2.506297607421857,0.5728405282082133
428.98,435.03918,-6.059184570312482,1.412459892235899
427.69,426.5976,1.0924047851562477,0.2554191659764287
430.81,433.99893,-3.1889318847656227,0.7402159844492417
436.39,443.7666,-7.376601562500014,1.6903651914223743
461.97,465.2061,-3.2360852050780977,0.7004953135755486
456.88,455.96176,0.9182385253906205,0.20097980117155684
453.8,453.85007,-0.05006713867186363,0.01103284009331483
436.15,436.23788,-0.08788452148439774,0.02015002177786999
463.57,464.4985,-0.9285046386718818,0.20029394389896732
476.09,477.0471,-0.9570886230469,0.2010306061334703
437.98,439.3167,-1.3367114257812318,0.3051984962318529
480.11,479.73026,0.37974487304688864,0.07909522444744833
487.92,480.58414,7.335863037109391,1.5034940158569505
453.76,454.4162,-0.6561987304687591,0.14461329432647563
459.42,454.03867,5.381334228515641,1.1713296145617291
457.88,455.42776,2.4522351074218705,0.5355616650225431
446.12,445.6673,0.45270263671875455,0.10147530304979022
464.17,467.14545,-2.975446777343734,0.6410238419340575
465.8,472.64163,-6.841632080078114,1.4687886200497882
475.21,476.45068,-1.2406835937500205,0.2610805713146414
433.3,435.30072,-2.0007202148437386,0.4617391178058068
481.89,481.82596,0.06404174804686136,0.013289675060721484
459.18,461.0176,-1.8376086425781182,0.40019265661647985
445.05,446.7603,-1.7103149414062386,0.3842963933136289
466.51,467.4777,-0.9676916503906341,0.20743168979737545
447.26,441.7043,5.555684814453116,1.2421572223943327
482.8,483.78302,-0.9830200195312386,0.2036077016268066
470.98,467.648,3.331989746093768,0.7074573594462978
471.85,471.88318,-0.03317871093747726,0.007031607634078822
444.55,446.28726,-1.7372619628906136,0.39079024968802534
457.98,458.18698,-0.2069812011718568,0.045194276874336886
482.66,491.85425,-9.194248046874975,1.9049080093222728
450.46,449.69617,0.7638330078124795,0.1695669564762498
482.79,485.03442,-2.2444238281249795,0.46488518388391237
438.32,437.12894,1.1910632324218682,0.27173309798569273
434.83,438.30063,-3.470628662109391,0.7981557575493449
433.42,432.97928,0.4407214355468909,0.10168437513339015
437.55,443.85742,-6.307421874999989,1.4415283875479632
465.36,467.72098,-2.3609777832031114,0.5073432847194139
442.75,443.29758,-0.547576904296875,0.1236760400985825
466.1,468.6922,-2.5921997070312273,0.556145493579981
443.12,440.13855,2.9814501953125045,0.6728298129207383
450.67,452.1904,-1.520399169921859,0.33736343583719813
468.97,468.40637,0.5636279296875273,0.12018396226792856
465.25,465.56097,-0.31097412109375,0.0668400758071987
448.98,447.66647,1.3135266113281432,0.29255728222979216
451.87,449.52277,2.3472338867187545,0.5194477819374899
468.91,473.2809,-4.3709143066406,0.9321415591957961
473.16,477.76633,-4.60632690429685,0.973522100151291
494.39,489.28918,5.100815429687486,1.0317371128696693
447.71,444.7279,2.9820947265624795,0.6660758226986784
433.5,431.3973,2.102691650390625,0.4850488581088914
442.93,441.42975,1.5002514648437568,0.3387099717210484
472.54,473.70654,-1.1665429687499795,0.2468659796186954
474.42,481.75922,-7.339216308593734,1.5469838621380028
474.46,466.95227,7.5077294921874795,1.5823702037021967
471.52,469.80035,1.7196459960937318,0.36470188943731713
469.52,465.9203,3.599711914062482,0.7666775104973967
475.54,469.51392,6.0260839843750205,1.2672059789534489
486.91,484.92676,1.983242187500025,0.40731102552623066
431.96,434.96536,-3.0053625488281455,0.695748585827921
432.49,434.9148,-2.424794921874991,0.5606578915804007
474.5,484.5019,-10.00189208984375,2.107875871672294
463.77,468.93665,-5.166645507812518,1.1140510096173581
451.95,453.65097,-1.7009704589843864,0.37636169827799615
469.35,469.70642,-0.35642089843747726,0.0759390942892371
445.5,443.758,1.74200439453125,0.3910214330677709
462.6,459.7241,2.8759094238281477,0.6216824917862581
433.02,434.35043,-1.3304333496093932,0.3072445330848604
447.69,448.30975,-0.6197534179687523,0.13843329840643487
482.09,482.12173,-0.03173461914065001,0.006582703087311319
434.33,437.22708,-2.897081298828141,0.667021533997836
486.15,484.2612,1.8888000488281023,0.3885212719562651
429.15,431.9883,-2.8383117675781477,0.6613783417906862
465.05,461.9003,3.1497009277343864,0.677280755816972
472.17,474.01782,-1.847822265624984,0.39134598813247407
446.33,445.3252,1.004804687499984,0.22512545341909573
432.04,433.25635,-1.2163476562499795,0.28153523768577043
451.03,443.0676,7.962403564453098,1.7653783364010676
433.1,431.92896,1.1710449218750227,0.2703861043671159
435.12,435.8867,-0.7666882324218705,0.17620115609723974
458.41,455.1414,3.2686120605469,0.7130308959747694
430.36,436.0591,-5.699112548828111,1.3242632461649897
445.6,446.1973,-0.5972961425781023,0.13404281915392968
442.24,433.924,8.315988769531259,1.8804201260243305
478.55,481.15326,-2.6032592773437386,0.5439878460903307
479.35,478.10977,1.2402282714843977,0.2587307153806705
433.53,433.04797,0.4820263671874727,0.11118613598277234
458.67,461.8804,-3.210401611328109,0.6999355990084634
435.53,431.4206,4.109406738281223,0.9435394353745711
460.75,460.47653,0.273468017578125,0.059352669354624306
443.84,444.84793,-1.00793090820315,0.22709278958076207
436.3,438.4039,-2.1039001464843636,0.48221300122721783
465.82,467.3175,-1.4975048828125068,0.3214764647391395
471.44,469.21555,2.2244543457031227,0.4718415126607832
482.62,483.1755,-0.5555065917968705,0.1151020348880116
463.52,464.61172,-1.0917248535156432,0.23552867151987578
478.7,474.33237,4.367633056640614,0.9123927162551602
449.1,443.87833,5.221673583984398,1.1626947132124839
488.48,482.6735,5.806507568359393,1.188686472628289
465.01,465.35318,-0.3431799316406341,0.0738003900210176
446.38,442.0848,4.2951916503906205,0.962225464432989
448.13,441.7171,6.4128979492187455,1.4310319860082756
451.62,455.2558,-3.6357983398437455,0.8050551989043346
465.6,457.16205,8.437951660156273,1.812270948764344
463.83,466.12283,-2.292833251953141,0.4943251425525981
438.85,435.00528,3.8447204589843977,0.8760878883685801
457.54,456.6906,0.8493872070312705,0.18564176915976283
451.14,455.11688,-3.9768823242187636,0.8815164935616058
436.64,437.08145,-0.44145141601563864,0.10110168674394725
431.58,433.26416,-1.684160156250016,0.39023037535248684
464.64,475.42838,-10.788375244140639,2.3218732837051914
429.7,435.6897,-5.989697265625011,1.3939221145924752
469.06,469.892,-0.8319982910156227,0.1773752861601418
454.14,455.48254,-1.3425439453125136,0.29562271305883275
435.41,437.6283,-2.218295898437475,0.5094717171677966
466.71,469.4861,-2.7761145019531455,0.5948251705987528
481.96,475.2782,6.6818017578124795,1.3863781006787852
436.46,439.6413,-3.1812963867187705,0.7288844562787444
427.66,433.8217,-6.1616857910156,1.4407873972645624
442.82,443.6754,-0.8554150390625068,0.19317400011799507
474.57,472.1969,2.373100585937493,0.5000517490401843
439.51,441.35275,-1.842752685546884,0.4192733937368767
463.5,467.86847,-4.36846923828125,0.9424940266107841
431.31,435.3812,-4.071195068359373,0.9439117176142906
440.15,441.0001,-0.8500915527343977,0.19313634473950936
450.98,451.97684,-0.9968371582031068,0.22103750672491898
440.67,440.32452,0.3454760742187659,0.07839773305226935
454.19,457.1672,-2.9772058105468773,0.6554964344398893
439.08,440.8314,-1.751390380859391,0.3988763760808122
441.03,439.7417,1.2883007812499727,0.29211116253732117
472.2,472.95938,-0.7593811035156364,0.1608173433592128
454.48,452.06268,2.417316894531268,0.5318851381094629
438.42,438.81323,-0.3932324218749841,0.08969288010268306
472.76,473.25708,-0.4970800781250091,0.10514405336417537
444.63,446.62833,-1.9983264160156295,0.4494347933490084
454.29,451.885,2.4049902343750205,0.5293942064392692
449.13,452.0666,-2.9365893554687545,0.6538380462423558
436.94,435.90222,1.0377783203124977,0.2375099430615341
453.26,450.02444,3.235555419921866,0.7138393596452962
461.35,470.90015,-9.550146484374977,2.0700391858639033
443.09,438.95285,4.1371496582031,0.9337020292001192
465.2,464.0383,1.1617004394531136,0.24972010796475366
427.1,434.4644,-7.364385986328102,1.724272709810584
436.15,436.49893,-0.34893188476564774,0.08000254149724471
435.05,435.95074,-0.9007446289062386,0.20704345672260005
441.16,439.2828,1.87719360351565,0.4255121380891897
431.97,434.50156,-2.5315563964843477,0.5860477662816133
436.89,432.45624,4.433762207031236,1.014844024489229
495.35,491.6026,3.7473999023437727,0.7565140480878756
473.75,473.7437,0.00628662109375,0.0013269884588634115
473.32,473.42627,-0.10626953125000682,0.02245189443316625
436.64,442.50827,-5.868270263671889,1.3439576823229815
452.06,453.0058,-0.9457983398437477,0.20921918498692607
466.67,468.51123,-1.841230468749984,0.3945457225218589
429.27,434.32883,-5.058826904296893,1.1784692896321658
457.92,462.69226,-4.772260742187484,1.042158088881594
449.74,448.28485,1.455148925781259,0.32355265047688764
445.78,443.127,2.6529858398437227,0.5951321029482466
438.06,440.15546,-2.0954565429687477,0.4783481165793686
464.9,462.94446,1.9555419921874773,0.4206362197946396
443.52,442.81976,0.7002368164062318,0.1578813216073719
468.63,468.16956,0.46044433593749545,0.09825306817890739
479.33,479.2101,0.11988647460935908,0.02501120824844608
436.97,433.64917,3.3208300781250273,0.759965782197223
460.99,462.7894,-1.799398193359366,0.3903326080898252
445.31,449.7882,-4.478208007812498,1.0056360628442813
437.91,437.45392,0.456081542968775,0.10414936892856654
454.39,451.55002,2.8399816894531114,0.6250083495168504
438.03,431.49045,6.539552001953098,1.4929427373754593
439.72,442.63766,-2.9176647949218477,0.6635263712494622
434.65,432.9117,1.7382873535156023,0.39992714925666856
437.45,440.21536,-2.7653625488281364,0.6321536695145598
474.87,472.552,2.3179980468750045,0.48813215523268516
433.18,438.56543,-5.385429687499993,1.243228508983541
430.61,437.113,-6.503006591796861,1.5101812521735072
473.11,471.31705,1.7929528808593886,0.3789708717107378
442.16,442.06525,0.09475341796877501,0.021429619068342756
468.36,468.49918,-0.13917602539061136,0.02971554535723755
436.23,433.78015,2.449848632812518,0.5615943463010465
439.03,438.65494,0.3750622558593477,0.08542956097846115
473.99,471.8164,2.173593750000009,0.4585727893567619
444.31,445.4584,-1.1484045410156227,0.258468626933752
473.84,476.72968,-2.889675292968775,0.6098407045757491
485.13,483.24945,1.8805493164062455,0.3876374250266929
435.94,432.5745,3.3655065917968727,0.7720096508006525
449.23,447.5951,1.6349072265625182,0.36393464087797106
427.84,426.11795,1.72204956054685,0.4024975541256799
433.57,432.98523,0.5847705078124932,0.1348730675742827
446.68,448.6552,-1.9752124023437432,0.44219754194688005
467.68,461.05945,6.620551757812507,1.415612727011041
439.29,442.39493,-3.1049279785156045,0.7068043685200937
478.65,478.50363,0.14636840820310226,0.030579359116162358
462.59,464.00494,-1.414943847656275,0.3058736221967732
428.42,432.81125,-4.391248779296859,1.024984484723405
477.51,478.76645,-1.256448974609384,0.2631246138014379
425.35,433.3029,-7.952886962890602,1.8697233491611873
439.51,440.54037,-1.030374755859384,0.23443662521743122
465.0,468.1294,-3.12939453125,0.672986623953497
462.13,468.93286,-6.8028613281250045,1.4720634036939753
467.7,469.0369,-1.3368957519531364,0.2858441080846816
444.26,451.33032,-7.070322265625009,1.5914793928850406
438.5,438.95187,-0.451873779296875,0.10304965765115132
475.61,472.05112,3.5588830566406386,0.7482760189820333
471.07,474.2121,-3.142097167968757,0.6670113778960618
482.78,484.78772,-2.0077197265625273,0.4158655221648174
441.61,445.98822,-4.378220214843736,0.9914200993280821
467.01,464.9156,2.094411621093741,0.44847158227402373
456.44,452.68588,3.7541174316406227,0.8224759457718791
463.79,459.8193,3.9706945800781455,0.8561387737317337
463.69,458.54517,5.144833984374998,1.1095393234664892
438.26,433.258,5.002004394531241,1.141330028118231
449.77,449.73087,0.03913452148435681,0.00870098816605713
485.08,484.0521,1.027906494140609,0.2119040931598247
439.31,433.47946,5.830538330078127,1.3272006232664622
446.67,439.8346,6.835405273437516,1.5302997672643883
455.85,451.2444,4.605615234375023,1.010333471764902
460.54,465.8425,-5.3024987792968545,1.151363022900644
481.74,479.9761,1.763895263671884,0.3661501229232895
444.49,439.39835,5.091654052734384,1.1455021705128752
462.55,463.25586,-0.7058593749999886,0.15260141584387205
455.22,456.79837,-1.5783703613280977,0.34672617505082093
485.02,484.82358,0.1964221191406068,0.04049765250176937
462.72,469.17673,-6.456727294921848,1.3953823783493395
462.01,459.0667,2.943288574218741,0.6370602808631702
478.88,479.19476,-0.31476318359375455,0.0657288937322121
436.14,439.76715,-3.6271508789062636,0.8316463893342438
460.19,463.69846,-3.5084558105468773,0.7623912268051478
434.01,432.14127,1.868734130859366,0.4305729879794213
437.2,433.3057,3.8943054199218636,0.8907357073569969
487.19,491.6657,-4.475710449218752,0.9186767508469477
480.68,481.17236,-0.4923632812499932,0.10243036051976118
477.65,477.1545,0.49548950195310226,0.10373463092364557
486.14,482.10703,4.032974853515611,0.8295895333896156
442.76,442.8774,-0.1174108886718841,0.02651789310076635
482.49,480.7017,1.788309326171884,0.3706409707480314
439.09,435.80447,3.28552612304685,0.7482563120279966
465.56,463.12875,2.4312463378906273,0.5222186432907024
449.22,444.25378,4.966215820312527,1.1055172888873244
430.17,438.60803,-8.438032226562484,1.961553016489369
466.81,468.1234,-1.3134130859374977,0.281358641064049
448.17,444.70816,3.461839599609391,0.7724372169572309
478.29,478.35587,-0.06586547851560454,0.013771005207207438
462.27,458.65936,3.610637207031232,0.7810650477817627
467.81,472.967,-5.157010498046873,1.1023705081853297
453.99,453.6141,0.3758947753906341,0.08279784740019827
435.56,440.66644,-5.106442871093748,1.1723829431684076
444.96,441.7538,3.2061853027343545,0.720554228962618
435.76,432.34634,3.413656005859366,0.783378045731345
461.21,461.0305,0.17951293945310454,0.038922085434455064
446.7,450.5826,-3.8826110839843864,0.8691744777791827
470.66,474.56952,-3.909519042968725,0.83064435824696
460.21,460.62973,-0.41973022460939546,0.09120386618516192
441.33,442.3566,-1.026597900390641,0.23261404714163317
425.75,434.67706,-8.92706298828125,2.0967802749215507
433.62,432.60968,1.0103198242187545,0.23299605513080654
439.6,439.80994,-0.20993652343747726,0.04775615238306493
438.17,440.05096,-1.880964355468734,0.4292763225929453
483.61,483.87738,-0.26738037109373636,0.05528831459452667
470.59,472.28214,-1.69213500976565,0.35957657706281043
437.35,436.25067,1.0993286132812727,0.25136071788592523
467.25,466.7352,0.514801025390625,0.11017654866241591
446.83,452.75195,-5.921953125000016,1.3253228010142573
466.22,463.97504,2.2449633789062773,0.4815234360756545
462.86,459.757,3.1030114746093886,0.6703981269991183
449.08,450.15118,-1.071184082031266,0.23852803437047349
429.92,433.88428,-3.964277343749984,0.9220943716985177
468.45,464.8539,3.5960876464843636,0.7676550261360023
439.42,442.41882,-2.998823242187484,0.6824487774110668
434.64,430.33548,4.304520263671861,0.99036222162011
432.93,433.5438,-0.6137927246093682,0.14177610857373765
